WARD_ID,WARD_AREA_KM2,POPULATION,NEAREST_FACILITY_KM,FACILITY_COUNT_2KM,DATA_AVAILABILITY,POPULATION_DENSITY,ACCESS_GAP,FACILITY_DEFICIT,RISK_SCORE,TOP_RISK_DRIVER,SHAP_POPULATION_DENSITY,SHAP_NEAREST_FACILITY_KM,SHAP_FACILITY_COUNT_2KM,SHAP_ACCESS_GAP,SHAP_FACILITY_DEFICIT
119,1.3810052538779152,23472.0,0.3007577875170076,0.0,VALIDATED,0.0850465321535957,0.1877113371770852,1.0,0.4009543,FACILITY_DEFICIT,-0.01567155,0.00068040774,0.09007985,0.018125135,0.095079236
7,7.735900170317188,22161.0,0.0629851489789367,0.5882352941176471,VALIDATED,0.0046863144286635,0.0041366957297654,0.0,0.0035181402,FACILITY_COUNT_2KM,-0.035979856,-0.0009556226,-0.07033735,-0.033577196,-0.06829316
26,4.80908764811078,20239.0,0.0615441202635844,0.2941176470588235,VALIDATED,0.0123278767319794,0.0071225669954631,0.0,0.0076421583,FACILITY_COUNT_2KM,-0.034843154,-0.0010198628,-0.07014653,-0.030716438,-0.06829316
174,8.340795421359944,121506.3286872262,0.3412786980907682,0.0,VALIDATED_ESTIMATE,0.0712361666287086,0.1823848336134592,1.0,0.39295176,FACILITY_DEFICIT,-0.020509072,0.0005408695,0.08814879,0.017030727,0.095079236
132,1.403502758204671,41733.0,0.1360208918392229,0.0,VALIDATED,0.1574851300412776,0.1488425840158972,1.0,0.3998426,FACILITY_DEFICIT,-0.0019444592,0.00079088303,0.08826637,0.008076658,0.091991946
37,4.326690433856218,26491.0,0.0407520400119168,1.0,VALIDATED,0.0232130962521783,0.0068746829671028,0.0,0.009104141,FACILITY_COUNT_2KM,-0.030766467,-0.00065208296,-0.071847446,-0.031715345,-0.068575844
70,1.485411104587789,26313.0,0.0619524203666339,0.5294117647058824,VALIDATED,0.0891293254108417,0.0389381834302531,0.0,0.044699606,FACILITY_COUNT_2KM,-0.011355268,-0.0010671641,-0.06906676,-0.02036377,-0.06610876
101,1.7416673020277404,12703.0,0.2027812165657455,0.0,VALIDATED,0.0298714382997735,0.0525158571812573,1.0,0.33151966,FACILITY_COUNT_2KM,-0.030541344,0.00037302185,0.09348729,-0.037073426,0.09261302
60,5.756137469702142,29821.0,0.127888130362713,0.1764705882352941,VALIDATED,0.0178565748187113,0.02213500248452,0.0,0.014034516,FACILITY_COUNT_2KM,-0.03215164,0.00027837398,-0.070106186,-0.028794779,-0.06785257
16,9.985307376555737,22947.0,0.0547300902536859,0.2352941176470588,VALIDATED,0.0014642034751326,0.0020796401979953,0.0,0.0027607863,FACILITY_COUNT_2KM,-0.03598235,-0.00097275403,-0.070309274,-0.034342993,-0.06829316
200,7.416714153432693,108044.57634800264,0.988971251655362,0.0,VALIDATED_ESTIMATE,0.0712361666287086,0.5321573726853813,1.0,0.5424163,ACCESS_GAP,-0.034544695,-0.0005961558,0.10205278,0.14567286,0.117170095
86,5.952871224163059,16185.0,0.2565521973028551,0.0,VALIDATED,0.0038569893754496,0.0232976056161835,1.0,0.3120591,FACILITY_COUNT_2KM,-0.036420133,0.0002293532,0.09364815,-0.04989948,0.09184003
147,2.406249675573728,17881.0,0.1043258757501411,0.0588235294117647,VALIDATED,0.0306532262309888,0.026435164307431,0.0,0.020220257,FACILITY_COUNT_2KM,-0.029058687,-0.0009335756,-0.0697763,-0.025641644,-0.067030855
157,4.156041299906735,60544.02424628922,0.2318509520678121,0.0,VALIDATED_ESTIMATE,0.0712361666287086,0.123290715021667,1.0,0.36520597,FACILITY_DEFICIT,-0.02073709,0.00048711197,0.08347681,-0.0035116689,0.0928296
0,5.720111945628562,83328.95929965758,0.2532974902023823,0.0,VALIDATED_ESTIMATE,0.0712361666287086,0.1348724601820015,1.0,0.37323457,FACILITY_DEFICIT,-0.020305267,0.00048711197,0.08347681,0.0019113441,0.09500338
189,10.913910041829524,158990.72855921194,0.5859950805232257,0.0,VALIDATED_ESTIMATE,0.0712361666287086,0.3145386926702314,1.0,0.43461883,FACILITY_DEFICIT,-0.023162292,-0.0006395575,0.09054478,0.05434053,0.1008741
17,6.645347402327021,24670.0,0.1659187862744412,0.1176470588235294,VALIDATED,0.0095066702240681,0.0203275941013096,0.0,0.010200474,FACILITY_COUNT_2KM,-0.035283994,0.0002488886,-0.07005925,-0.029513912,-0.06785257
19,4.117124039078972,15457.0,0.1032563610749547,0.1176470588235294,VALIDATED,0.0097452096412551,0.0118669323568446,0.0,0.008699957,FACILITY_COUNT_2KM,-0.034939803,-0.0009335756,-0.07008988,-0.02994693,-0.06805116
20,0.541443081932343,13276.0,0.0326656826830277,0.0588235294117647,VALIDATED,0.1278284395991637,0.0283173361785135,0.0,0.058456916,FACILITY_COUNT_2KM,0.0042286194,-0.00074407196,-0.069831364,-0.024258172,-0.06359943
21,1.9543463794022389,16044.0,0.0660029417801296,0.1176470588235294,VALIDATED,0.0350792325710825,0.0178249993391634,0.0,0.016752869,FACILITY_COUNT_2KM,-0.027949298,-0.0010482405,-0.07091453,-0.028198013,-0.06779836
18,8.048647509531047,16424.0,0.0897786107601861,0.1764705882352941,VALIDATED,0.0,0.0041944864925271,0.0,0.0035181402,FACILITY_COUNT_2KM,-0.03608517,-0.00086933555,-0.07028452,-0.03361099,-0.06829316
15,8.69058164792061,19952.0,0.1075183912762311,0.1764705882352941,VALIDATED,0.0014513645933739,0.0065675667118401,0.0,0.0042955466,FACILITY_COUNT_2KM,-0.036083102,-0.00094171095,-0.07026974,-0.03277805,-0.06829316
1,1.82999853928047,51163.0,0.0633748224195711,0.0588235294117647,VALIDATED,0.1473804411459551,0.0644950508042905,0.0227312706448019,0.07545775,FACILITY_COUNT_2KM,0.0037933993,-0.0010463614,-0.06898604,-0.012284612,-0.058679994
2,2.830219421332424,66897.0,0.0097386219767887,0.0588235294117647,VALIDATED,0.1228073473987689,0.0071109992014104,0.2525823280565646,0.10963716,FACILITY_COUNT_2KM,0.006143237,0.0032237477,-0.06734758,-0.030135421,-0.014908129
3,2.955690920837853,52995.0,0.0656232266059595,0.1764705882352941,VALIDATED,0.0903549483103195,0.0418847387163554,0.0,0.0455846,FACILITY_COUNT_2KM,-0.011467598,-0.0010434239,-0.0691721,-0.019284843,-0.06610876
4,1.651187199018171,15186.0,0.0145444510877641,0.1764705882352941,VALIDATED,0.0406954138890254,0.0027511493770697,0.0,0.013436012,FACILITY_COUNT_2KM,-0.027995164,0.0011281745,-0.07079697,-0.033322394,-0.06823895
6,1.8396173625811685,19523.0,0.0264777331948375,0.1764705882352941,VALIDATED,0.0487448112107914,0.008286003405744,0.0,0.016281296,FACILITY_COUNT_2KM,-0.026671443,-0.0007087113,-0.07109586,-0.029665044,-0.06823895
5,2.617603552190197,45204.0,0.0500555742183889,0.2352941176470588,VALIDATED,0.0865984841728295,0.0302758036742722,0.0,0.037012495,FACILITY_COUNT_2KM,-0.015838696,-0.0007495826,-0.07023006,-0.02228702,-0.06654348
8,0.4626344134937387,33039.0,0.015328991605736,0.1764705882352941,VALIDATED,0.3945008846601527,0.0417581495507438,0.0,0.13381214,POPULATION_DENSITY,0.11327477,0.00219239,-0.0966556,-0.02384736,-0.07381336
9,0.51609199755201,20306.0,0.0301547971773214,0.2352941176470588,VALIDATED,0.2121375125048281,0.0434147262636744,0.0,0.076682866,FACILITY_COUNT_2KM,0.022044754,-0.0007586135,-0.07552908,-0.018330961,-0.063404545
10,0.4671990409191374,44747.0,0.0416167457413103,0.2941176470588235,VALIDATED,0.5330381111579298,0.1502613304470663,0.0,0.2206302,POPULATION_DENSITY,0.13454586,-0.0012808961,-0.09084064,0.03478545,-0.0692409
11,1.198740410405662,33287.0,0.0459955844097274,0.2352941176470588,VALIDATED,0.1463020889887001,0.0461494246708609,0.0,0.06412519,FACILITY_COUNT_2KM,0.003868058,-0.00070040213,-0.06965151,-0.017944176,-0.0641081
12,0.3727102591040335,16254.0,0.0081911503077432,0.2352941176470588,VALIDATED,0.2363883067518012,0.012906449663964,0.0,0.072168,FACILITY_COUNT_2KM,0.022318292,0.003171966,-0.07551962,-0.026800571,-0.06366337
13,0.4384884653934222,21829.0,0.0,0.2941176470588235,VALIDATED,0.2714862766217595,0.0,0.0,0.08419563,FACILITY_COUNT_2KM,0.046280894,-0.0003248041,-0.074100934,-0.035762414,-0.06455841
14,0.7960387387835968,35130.0,0.0383822567376458,0.2941176470588235,VALIDATED,0.2393494933110375,0.0624839547609013,0.0,0.09439793,FACILITY_COUNT_2KM,0.03234168,-0.0007302359,-0.07504829,-0.013514011,-0.061312553
22,3.992880705583719,26177.0,0.0195866074497726,0.1176470588235294,VALIDATED,0.025676652208032,0.0024088912916592,0.0,0.009374089,FACILITY_COUNT_2KM,-0.03146138,-0.00041846812,-0.070130855,-0.03270068,-0.068575844
23,2.914437322105761,18434.0,0.028588901300593,0.1176470588235294,VALIDATED,0.0243638812280131,0.004339497072271,0.0,0.00907617,FACILITY_COUNT_2KM,-0.03146138,-0.00063633587,-0.070130855,-0.032780733,-0.068575844
32,0.7830273780547985,32269.0,0.015540930871216,0.0588235294117647,VALIDATED,0.2227421736093943,0.0232754039369373,0.0,0.074590415,FACILITY_COUNT_2KM,0.022398889,0.0021489102,-0.07549104,-0.024231782,-0.06289587
24,4.710414540757808,21002.0,0.1063926293491595,0.1176470588235294,VALIDATED,0.0137503135093489,0.015119531191493,0.0,0.01044906,FACILITY_COUNT_2KM,-0.03419597,-0.0009335756,-0.0700831,-0.02914704,-0.06785257
25,2.5387305938520144,19261.0,0.0797903660203691,0.1764705882352941,VALIDATED,0.0315391719645552,0.0201456303843763,0.0,0.016752869,FACILITY_COUNT_2KM,-0.02915428,-0.0009679505,-0.069780126,-0.028207725,-0.06779836
29,2.156623784418006,19415.0,0.0500337414169654,0.2352941176470588,VALIDATED,0.03958925638087,0.0144793427845426,0.0,0.017193155,FACILITY_COUNT_2KM,-0.027920606,-0.0007022813,-0.07085246,-0.028194454,-0.06779836
28,3.182426688927478,26156.0,0.0619762206757715,0.2941176470588235,VALIDATED,0.035133203857963,0.0166218923047495,0.0,0.016752869,FACILITY_COUNT_2KM,-0.027924279,-0.0010198628,-0.07097118,-0.028194763,-0.06779836
27,3.1972697116540085,24426.0,0.0648993911490415,0.1764705882352941,VALIDATED,0.0318393124772778,0.0160874440532932,0.0,0.016752869,FACILITY_COUNT_2KM,-0.029073989,-0.0010482405,-0.069780126,-0.028207725,-0.06779836
30,0.8838371105733019,25286.0,0.0233473511472983,0.1764705882352941,VALIDATED,0.1510846526468021,0.0236094826150177,0.0,0.058456916,FACILITY_COUNT_2KM,0.005013487,-0.00074407196,-0.07062006,-0.024254339,-0.06359943
33,2.5840154805650686,41617.0,0.0366017929912858,0.4705882352941176,VALIDATED,0.0799811708428309,0.0200208192691101,0.0,0.030632976,FACILITY_COUNT_2KM,-0.015939137,-0.0007255709,-0.07062473,-0.027427927,-0.06731099
31,1.5940881566006022,32152.0,0.0490468108264224,0.4705882352941176,VALIDATED,0.103091160774241,0.0350610226462033,0.0,0.04532076,FACILITY_COUNT_2KM,-0.009865757,-0.0007092645,-0.070257396,-0.02036596,-0.066142194
34,2.3707740777942985,49559.0,0.0459287790348264,0.4705882352941176,VALIDATED,0.1072686083289091,0.0340204172625896,0.0,0.04532076,FACILITY_COUNT_2KM,-0.009865757,-0.0007092645,-0.070257396,-0.02036596,-0.066142194
35,1.7505679972940895,40075.0,0.0230084517585392,0.4705882352941176,VALIDATED,0.1185759056966175,0.0180631053449743,0.0,0.037368003,FACILITY_COUNT_2KM,-0.0094694765,-0.00050907285,-0.07071407,-0.027256295,-0.06734442
44,0.6599672251260144,14291.0,0.0343569683537668,0.4117647058823529,VALIDATED,0.1115333122477371,0.0260491330502187,0.0,0.040537465,FACILITY_COUNT_2KM,-0.00946396,-0.00071569445,-0.070623994,-0.024743304,-0.06657691
45,1.1146676804402518,17871.0,0.0403402223631816,0.4705882352941176,VALIDATED,0.0795662084529678,0.0221397048820419,0.0,0.03260779,FACILITY_COUNT_2KM,-0.016484337,-0.0007255709,-0.07002089,-0.02595349,-0.06686926
36,1.5166689208018105,52262.0,0.0204622967105604,0.5294117647058824,VALIDATED,0.1843456848961698,0.0253046369786098,0.0,0.064145416,FACILITY_COUNT_2KM,0.012845254,-0.00056085427,-0.07386297,-0.023893012,-0.06304435
46,1.011561918554631,12747.0,0.0162079373657284,0.5882352941176471,VALIDATED,0.0600540694014275,0.0055488658050995,0.0,0.022663873,FACILITY_COUNT_2KM,-0.019962711,-0.00040133664,-0.07000252,-0.031879295,-0.06775158
47,0.7489073071673488,14379.0,0.0130762425046812,0.7647058823529411,VALIDATED,0.0975777534998078,0.0076435047694681,0.0,0.034036905,FACILITY_COUNT_2KM,-0.011557164,0.0016771047,-0.072616205,-0.028376598,-0.06775158
48,0.4763955767192736,18269.0,0.0227925387156095,0.6470588235294118,VALIDATED,0.2064662249141609,0.0317795679831404,0.0,0.073826395,FACILITY_COUNT_2KM,0.019896189,-0.00056085427,-0.07595833,-0.019664127,-0.06254782
42,0.5775994561913602,27857.0,0.0261014519217975,0.7058823529411764,VALIDATED,0.262652454523014,0.0465811835380578,0.0,0.10225614,FACILITY_COUNT_2KM,0.04602513,-0.0007000056,-0.07635451,-0.020719428,-0.058656354
43,0.9469236619602156,15835.0,0.0070731824763327,0.5882352941176471,VALIDATED,0.0834898843418288,0.0025865017992901,0.0,0.026093481,FACILITY_COUNT_2KM,-0.015983934,0.0012109459,-0.070980944,-0.033062335,-0.06775158
39,1.03056403281421,30573.0,0.0161510075820256,0.5294117647058824,VALIDATED,0.1570949697088178,0.0166676630471694,0.0,0.057662215,FACILITY_COUNT_2KM,0.006734205,-0.00050907285,-0.070191555,-0.026665773,-0.06436694
40,0.841918404386342,51479.0,0.030099180766988,0.6470588235294118,VALIDATED,0.3360997423428842,0.068842510887752,0.0,0.12738134,FACILITY_COUNT_2KM,0.051267743,-0.00075595564,-0.07230264,-0.00058222667,-0.062906906
41,0.8236388644793287,21550.0,0.0237525869859518,0.8235294117647058,VALIDATED,0.1371812303326973,0.0217534423569384,0.0,0.051722646,FACILITY_COUNT_2KM,0.0036938926,-0.0006854641,-0.072706245,-0.026873939,-0.06436694
38,2.482545905279308,35187.0,0.0374028617045098,0.8823529411764706,VALIDATED,0.0689958988912793,0.0177155086399717,0.0,0.02824605,FACILITY_COUNT_2KM,-0.01774413,-0.00065208296,-0.071169585,-0.027538477,-0.06731099
64,2.4010239253852785,72144.0,0.0549789315332474,0.1176470588235294,VALIDATED,0.159260989147989,0.0601651576159257,0.0,0.069474876,FACILITY_COUNT_2KM,0.0065293577,-0.0010411473,-0.070876844,-0.01368975,-0.0641081
65,1.852626268213624,95564.0,0.0724240601187138,0.1176470588235294,VALIDATED,0.2817255283624998,0.1385867709130475,0.0,0.14965312,FACILITY_COUNT_2KM,0.04212634,-0.0025079462,-0.06712418,0.030989474,-0.06649188
67,0.9853990853812012,37331.0,0.0671878324364118,0.1764705882352941,VALIDATED,0.203826300210511,0.0937096741596498,0.0,0.1000622,FACILITY_COUNT_2KM,0.013489162,-0.0013089294,-0.0732639,0.012178714,-0.063694194
68,0.8890751751536962,32999.0,0.0343578394901061,0.3529411764705882,VALIDATED,0.1994587613904922,0.0465840770831009,0.0,0.07498,FACILITY_COUNT_2KM,0.019716749,-0.0007302359,-0.07628492,-0.01689172,-0.0634912
66,1.6562445519406257,50926.0,0.0348809883372216,0.2352941176470588,VALIDATED,0.1632455231173563,0.0387230829610363,0.0,0.06598804,FACILITY_COUNT_2KM,0.0071979705,-0.0007958535,-0.06999061,-0.019920079,-0.06316471
77,0.6686510246396921,23619.0,0.0565739698788878,0.1764705882352941,VALIDATED,0.1892642608069549,0.0732940456770728,0.0,0.08700534,FACILITY_COUNT_2KM,0.011405914,-0.0012204591,-0.07564923,0.0027085722,-0.06290079
73,0.8070971159893076,22662.0,0.0851287481014545,0.2941176470588235,VALIDATED,0.1480654409727667,0.0874276786966336,0.0,0.08925921,FACILITY_COUNT_2KM,-0.0017643974,-0.0011484805,-0.06837609,0.012197908,-0.064311095
71,0.957525787016454,12091.0,0.1023340164193826,0.1176470588235294,VALIDATED,0.0602020985094592,0.0458813985036157,0.0,0.038189344,FACILITY_COUNT_2KM,-0.018744525,-0.00089633575,-0.06924981,-0.018529152,-0.067052156
69,1.738879446980662,27133.0,0.0807339139568898,0.3529411764705882,VALIDATED,0.0771275057227958,0.0448401396287816,0.0,0.039328378,FACILITY_COUNT_2KM,-0.016916936,-0.00094757,-0.069903105,-0.0185132,-0.067052156
72,1.133949349625376,32446.0,0.0389705484179167,0.2941176470588235,VALIDATED,0.1511069831295305,0.0401846322564006,0.0,0.0632402,FACILITY_COUNT_2KM,0.004734631,-0.00071569445,-0.07030629,-0.019969067,-0.06316471
74,0.928454208191852,56960.0,0.1502036900382126,0.0,VALIDATED,0.3372620899482749,0.3422272805413605,1.0,0.53717023,FACILITY_COUNT_2KM,0.0460301,0.00086505205,0.09853478,0.081502296,0.09757651
75,0.3379877702263064,60126.0,0.1241055973252639,0.0,VALIDATED,1.0,0.8253918813709167,1.0,0.93025756,POPULATION_DENSITY,0.2653527,-0.004263513,0.14166805,0.20023288,0.114606224
78,0.6571001880532917,23476.0,0.0953629516636773,0.1176470588235294,VALIDATED,0.1915576986400937,0.125533781896639,0.0,0.10851148,FACILITY_COUNT_2KM,0.006746619,-0.0010328074,-0.07090591,0.027759057,-0.06671681
76,0.4543639718601063,24524.0,0.0898095209483762,0.1176470588235294,VALIDATED,0.295324133007916,0.1799226770179984,0.0,0.16011213,FACILITY_COUNT_2KM,0.04756324,-0.0010124578,-0.06942767,0.036417373,-0.0660897
53,1.3607857444389468,23831.0,0.0116362524346765,0.5882352941176471,VALIDATED,0.0879828488843974,0.0057989875881913,0.0,0.02810963,FACILITY_COUNT_2KM,-0.015981762,0.0013002092,-0.070966266,-0.031152295,-0.06775158
51,0.2892607086770007,46250.0,0.0150998757047934,0.6470588235294118,VALIDATED,0.8976212874909859,0.0954887285090289,0.0,0.30568036,POPULATION_DENSITY,0.19714376,-0.0028069315,-0.0818621,0.044820823,-0.06427634
49,0.7645642946364692,16889.0,0.015645611884974,0.5882352941176471,VALIDATED,0.1140103737856792,0.0113054353346805,0.0,0.038046926,FACILITY_COUNT_2KM,-0.009491785,0.0009489164,-0.070883125,-0.027645405,-0.06754301
50,1.5273357906107312,51527.0,0.0299210068288277,0.5294117647058824,VALIDATED,0.180240637115454,0.0365470508091326,0.0,0.06863079,FACILITY_COUNT_2KM,0.012541376,-0.00076747587,-0.07349637,-0.019698454,-0.06260962
54,0.5472785879280031,39058.0,0.0283060023601145,0.2941176470588235,VALIDATED,0.394232214713306,0.0760609279612927,0.0,0.14987002,POPULATION_DENSITY,0.10158779,-0.0010059744,-0.09435778,0.0064255535,-0.07544089
55,0.5739863949267826,23220.0,0.0455750413927747,0.2941176470588235,VALIDATED,0.2184394785605216,0.0678385880255059,0.0,0.08956359,FACILITY_COUNT_2KM,0.020399587,-0.0007238059,-0.07413761,-0.004369943,-0.06426596
56,0.5646063494510314,38123.0,0.0658533453749397,0.2941176470588235,VALIDATED,0.3723600551624654,0.165798022285483,0.0,0.17587626,FACILITY_COUNT_2KM,0.0651785,-0.0014038567,-0.07331868,0.036697675,-0.06393865
52,1.0900657241348517,23233.0,0.0414436826108737,0.6470588235294118,VALIDATED,0.109595835763914,0.031195823178276,0.0,0.043449588,FACILITY_COUNT_2KM,-0.00955545,-0.00071569445,-0.070257396,-0.02210629,-0.06657691
57,0.8241276265385133,21805.0,0.067138018272057,0.1176470588235294,VALIDATED,0.1388525136790082,0.06458128396947,0.0,0.06839318,FACILITY_COUNT_2KM,0.003231486,-0.0010463614,-0.07017514,-0.012170057,-0.0641081
61,2.2460160582563997,17321.0,0.183310440085791,0.0,VALIDATED,0.0322500746201384,0.0501166398108806,1.0,0.32875267,FACILITY_COUNT_2KM,-0.030475672,0.00037302185,0.093149796,-0.03956857,0.09261302
58,2.420169478847665,30577.0,0.1095278875036715,0.0588235294117647,VALIDATED,0.0602413527523591,0.04927724093092,0.0,0.03875587,FACILITY_COUNT_2KM,-0.018848687,-0.00089633575,-0.069418244,-0.017690029,-0.067052156
63,1.1802896263435874,81648.0,0.2037122204715717,0.0,VALIDATED,0.3817705123614169,0.5234503873011044,1.0,0.6230381,ACCESS_GAP,0.049436357,0.0007673827,0.11161235,0.13861948,0.10994121
62,0.6365971375779584,110474.0,0.1543995002115456,0.0,VALIDATED,0.9752311488905996,1.0,1.0,0.9879789,POPULATION_DENSITY,0.28103048,0.009575824,0.14157444,0.22853921,0.11459738
59,2.177564902182399,23595.0,0.1317370819659814,0.0588235294117647,VALIDATED,0.0500127132956587,0.0507969743814808,0.0,0.037911173,FACILITY_COUNT_2KM,-0.020673495,0.0003156139,-0.07007255,-0.01726756,-0.067052156
94,1.824252514465385,22407.0,0.1261126414507549,0.0588235294117647,VALIDATED,0.0582430969224366,0.0553828625990189,0.0,0.038709402,FACILITY_COUNT_2KM,-0.020739166,0.0003156139,-0.07071941,-0.015756791,-0.067052156
100,3.046801386827084,9545.0,0.2022902202862988,0.0,VALIDATED,0.0062108678473901,0.0209552259155587,1.0,0.31219402,FACILITY_COUNT_2KM,-0.036452863,0.0003276465,0.09365705,-0.05076769,0.092768684
99,1.583100380065989,15460.0,0.1858892586365134,0.0,VALIDATED,0.0439289498509902,0.0651180327832373,1.0,0.33724815,FACILITY_DEFICIT,-0.026078744,0.00037302185,0.089998096,-0.032318383,0.09261302
95,2.151676635822556,11664.0,0.1675137461375463,0.0,VALIDATED,0.019222245586939,0.0312495281855748,1.0,0.31847325,FACILITY_COUNT_2KM,-0.03210766,0.00033578184,0.09320714,-0.04746312,0.09184003
96,3.0069882895635924,12954.0,0.1105901612910788,0.0588235294117647,VALIDATED,0.0128935429096593,0.0151874435412545,0.0,0.010119984,FACILITY_COUNT_2KM,-0.0344242,-0.0009335756,-0.0700831,-0.029247886,-0.06785257
97,0.7370973758872044,20860.0,0.1498365661061123,0.0,VALIDATED,0.1493266637703831,0.1560243039000068,1.0,0.40671217,FACILITY_DEFICIT,-0.005381268,0.00078566896,0.0905759,0.016078698,0.091991946
105,1.3781088971808018,17965.0,0.1325411497078082,0.0588235294117647,VALIDATED,0.0625258737318141,0.0620513382591665,0.0,0.041962788,FACILITY_COUNT_2KM,-0.01930495,0.0003156139,-0.07010649,-0.01455056,-0.067052156
104,1.3026089859336012,20897.0,0.1667058377734501,0.0,VALIDATED,0.0796221558644158,0.0973041188783607,1.0,0.36292306,FACILITY_DEFICIT,-0.018115412,0.0005584346,0.08463463,-0.0078098974,0.09099411
107,1.4793431813656277,22902.0,0.2416773386223701,0.0,VALIDATED,0.0764307204318469,0.1368308336567408,1.0,0.3787202,FACILITY_DEFICIT,-0.01767139,0.00048711197,0.08457179,0.0032589075,0.09541258
98,1.1640252950109702,17466.0,0.171140772114191,0.0,VALIDATED,0.0737218379059706,0.0933024043055462,1.0,0.35871965,FACILITY_DEFICIT,-0.020809373,0.0005584346,0.08889453,-0.013819728,0.09123462
103,2.104190986054846,16595.0,0.2097792180135742,0.0,VALIDATED,0.0332438814838673,0.059052136115836,1.0,0.33361912,FACILITY_COUNT_2KM,-0.029141778,0.00037302185,0.09377786,-0.036664117,0.09261302
102,1.6406128857431612,9377.0,0.2106405583203434,0.0,VALIDATED,0.0208978346212803,0.0422328818111785,1.0,0.3216637,FACILITY_COUNT_2KM,-0.031091752,0.00037302185,0.09335249,-0.045108657,0.09147755
108,1.0029141560565815,20042.0,0.1450603365342171,0.0,VALIDATED,0.1020348251809629,0.1058402716105511,1.0,0.3727209,FACILITY_DEFICIT,-0.014337059,0.0006971155,0.08433923,-0.0035083508,0.09286877
106,1.0412698670043774,20023.0,0.1856431628850396,0.0,VALIDATED,0.0977451208199012,0.1306717384971969,1.0,0.38040566,FACILITY_DEFICIT,-0.014011273,0.00056831096,0.0842694,0.0019146618,0.09500338
109,0.950410219910635,18546.0,0.190030192633721,0.0,VALIDATED,0.0993616605575332,0.1358170037385305,1.0,0.3819158,FACILITY_DEFICIT,-0.014011273,0.00056831096,0.0842694,0.003015608,0.09541258
112,1.0205516292781651,14912.0,0.1738921832138966,0.0,VALIDATED,0.0714863230862986,0.0922772868157813,1.0,0.35871965,FACILITY_DEFICIT,-0.020809373,0.0005584346,0.08889453,-0.013819728,0.09123462
110,2.0671168081386586,13867.0,0.2406891819559402,0.0,VALIDATED,0.0265436195812948,0.057511924912997,1.0,0.33138475,FACILITY_COUNT_2KM,-0.030560112,0.00027472858,0.093178205,-0.03678218,0.09261302
111,2.849386822647523,18480.0,0.2491563794694409,0.0,VALIDATED,0.0252768165128441,0.0575478573105475,1.0,0.33138475,FACILITY_COUNT_2KM,-0.03118367,0.00027472858,0.0934417,-0.036663294,0.092854194
114,1.6570336584990015,32913.0,0.2175924375458885,0.0,VALIDATED,0.1013458296026757,0.1585883525974703,1.0,0.39982864,FACILITY_DEFICIT,-0.014142445,0.00050013105,0.08887853,0.016851969,0.095079236
116,0.6704493216867093,23624.0,0.2565195769682865,0.0,VALIDATED,0.1887678953130333,0.3342770985646072,1.0,0.49098477,FACILITY_DEFICIT,0.00826039,0.0006874768,0.097884595,0.06866347,0.10282757
115,0.8466485756617681,24775.0,0.2525935066128008,0.0,VALIDATED,0.1547984969043702,0.2728885686948359,1.0,0.45536748,FACILITY_DEFICIT,-0.0040604994,0.00061185646,0.09372203,0.054645993,0.097786814
113,1.4529385348421586,19701.0,0.267535845998073,0.0,VALIDATED,0.0655024287667636,0.1325068276212495,1.0,0.37276644,FACILITY_DEFICIT,-0.020973383,0.0004274632,0.08367097,0.0019768116,0.09500338
117,1.6960829013044247,36192.0,0.2619575658284612,0.0,VALIDATED,0.1097390564302675,0.2056681519355778,1.0,0.4105606,FACILITY_DEFICIT,-0.00975962,0.000732346,0.09052919,0.021011183,0.09538619
122,1.8693728886169292,30204.0,0.3143669277082044,0.0,VALIDATED,0.0802753726678026,0.1864625337290202,1.0,0.39980707,FACILITY_DEFICIT,-0.01583143,0.0005408695,0.09007985,0.017277345,0.095079236
126,1.0459820670415632,17718.0,0.4032821413040569,0.0,VALIDATED,0.0847212053352836,0.2514491832678486,1.0,0.4301491,FACILITY_DEFICIT,-0.0157247,-0.0006395575,0.092637554,0.040463425,0.1007512
124,1.0702711391660866,22907.0,0.3634171087454733,0.0,VALIDATED,0.1101053164291678,0.2867965176729703,1.0,0.4483894,FACILITY_DEFICIT,-0.012187483,-0.0004486568,0.09307286,0.054378077,0.10091327
125,1.2433315634083126,20416.0,0.3534418684701145,0.0,VALIDATED,0.081771554240945,0.2133282555384558,1.0,0.40467754,FACILITY_DEFICIT,-0.015834335,0.0013506515,0.089934506,0.021218404,0.095347025
123,2.1770938615285766,25733.0,0.3549393196440454,0.0,VALIDATED,0.0556104861037401,0.1534574238102253,1.0,0.37969452,FACILITY_DEFICIT,-0.021571364,-0.00075926556,0.08531226,0.008972495,0.095079236
118,1.7902365153068924,34310.0,0.3191208593373128,0.0,VALIDATED,0.0973792504522089,0.2250551665838077,1.0,0.41856137,FACILITY_DEFICIT,-0.014247169,0.0007458988,0.08873318,0.031152844,0.09951534
120,0.5587763308052683,28874.0,0.2835700396535215,0.0,VALIDATED,0.2822409506431376,0.543296503778143,1.0,0.60138816,ACCESS_GAP,0.028210673,0.0010512293,0.10723993,0.1407119,0.11151288
121,0.8684432472695581,25912.0,0.3128651141224284,0.0,VALIDATED,0.1580674794398914,0.3449676343036139,1.0,0.48881185,FACILITY_DEFICIT,-0.0076305,0.0006214159,0.095448226,0.08535213,0.10235925
79,2.056273626696321,19748.0,0.2947252994193247,0.0,VALIDATED,0.0430084838033057,0.10274100865988,1.0,0.3559196,FACILITY_DEFICIT,-0.02520587,0.0004274632,0.08369404,-0.007308539,0.09165133
80,1.4664224300746422,20318.0,0.25688734163034,0.0,VALIDATED,0.0671860567484842,0.1299899065088129,1.0,0.37276644,FACILITY_DEFICIT,-0.020973383,0.0004274632,0.08367097,0.0019768116,0.09500338
83,6.837285619674093,19140.0,0.1235781233074143,0.0588235294117647,VALIDATED,0.0043147595409271,0.0102684862469595,0.0,0.006490527,FACILITY_COUNT_2KM,-0.03615502,-0.0006446783,-0.07009665,-0.03098128,-0.06829316
81,1.6584133542613877,17123.0,0.3088765100900852,0.0,VALIDATED,0.0471093349135745,0.116075512609274,1.0,0.3623129,FACILITY_DEFICIT,-0.02520587,0.0004274632,0.08369404,-0.0027507416,0.093486816
82,4.713565819005757,16338.0,0.2038008743617811,0.0,VALIDATED,0.0081066059465235,0.0236674045102563,1.0,0.3126428,FACILITY_COUNT_2KM,-0.035988614,0.0003276465,0.09365705,-0.04985449,0.09184003
85,4.378251219913316,11304.0,0.3188398061445373,0.0,VALIDATED,0.0030779126919934,0.0279487309912702,1.0,0.31220713,FACILITY_COUNT_2KM,-0.03635131,0.00030691654,0.09364815,-0.049897842,0.09184003
84,3.557310909304893,17825.0,0.2095614263246382,0.0,VALIDATED,0.0168902951637945,0.0364911424865114,1.0,0.31871116,FACILITY_COUNT_2KM,-0.031996466,0.00033578184,0.09320714,-0.046549883,0.091053516
93,1.222600944747911,17368.0,0.1285455318375314,0.0,VALIDATED,0.069178004692805,0.0657584443047628,1.0,0.34438586,FACILITY_DEFICIT,-0.021423206,0.0005658204,0.0894684,-0.030003676,0.09311741
90,1.466884659502922,17329.0,0.1640102400404325,0.0,VALIDATED,0.0555740125181255,0.0697594535592822,1.0,0.34360364,FACILITY_DEFICIT,-0.022759242,0.00037302185,0.09008264,-0.026941558,0.09018766
91,1.5032349699187022,22285.0,0.1780876107557309,0.0,VALIDATED,0.0726974988290218,0.0959674675895326,1.0,0.35894758,FACILITY_DEFICIT,-0.020749291,0.0005584346,0.08353965,-0.008056513,0.09099411
92,1.1569508945617757,16511.0,0.1602335979915355,0.0,VALIDATED,0.0695496378505052,0.0828374936491444,1.0,0.35341862,FACILITY_DEFICIT,-0.021165673,0.0005584346,0.08759047,-0.017460376,0.09123462
88,0.7469673254280441,23618.0,0.2090331411716651,0.0,VALIDATED,0.16819648461316,0.2440210060833615,1.0,0.44383016,FACILITY_DEFICIT,-0.00034601302,0.00076196727,0.094220266,0.039496023,0.09703669
87,0.8027505938030696,14375.0,0.2177061649817216,0.0,VALIDATED,0.0902262210289964,0.1427846604680188,1.0,0.38680714,FACILITY_DEFICIT,-0.014261364,0.00041451506,0.08568615,0.0070529003,0.09525376
89,0.8581368301675681,16014.0,0.189756436619173,0.0,VALIDATED,0.0945148999688581,0.1295771301163668,1.0,0.3802248,FACILITY_DEFICIT,-0.0141921295,0.0005712484,0.084266454,0.0019146618,0.09500338
192,2.5033489654053445,36468.073707983945,0.6362285770870602,0.0,VALIDATED_ESTIMATE,0.0712361666287086,0.3416662202956371,1.0,0.45448256,FACILITY_DEFICIT,-0.023162292,-0.0006395575,0.09054478,0.06850142,0.10657691
193,2.410994831073141,35122.68502082643,0.6166375010914843,0.0,VALIDATED_ESTIMATE,0.0712361666287086,0.3310864778601078,1.0,0.43461883,FACILITY_DEFICIT,-0.023162292,-0.0006395575,0.09054478,0.05434053,0.1008741
194,2.189969218300968,31902.84693619774,0.6542091277976401,0.0,VALIDATED_ESTIMATE,0.0712361666287086,0.351376232926381,1.0,0.47166562,FACILITY_DEFICIT,-0.02549155,-0.0006395575,0.09304042,0.08664844,0.10544654
195,1.7289940978672906,25187.492863778163,0.7005369284539514,0.0,VALIDATED_ESTIMATE,0.0712361666287086,0.3763945728408908,1.0,0.4773279,FACILITY_DEFICIT,-0.026999895,-0.0006395575,0.09304042,0.09196314,0.10730251
196,5.203366886580657,75801.16466853862,0.7493194212875706,0.0,VALIDATED_ESTIMATE,0.0712361666287086,0.4027385168723102,1.0,0.4773279,FACILITY_DEFICIT,-0.026999895,-0.0006395575,0.09304042,0.09196314,0.10730251
197,8.97818095774456,130791.5793823938,0.7970791095356405,0.0,VALIDATED_ESTIMATE,0.0712361666287086,0.4285301171182514,1.0,0.4773279,FACILITY_DEFICIT,-0.026999895,-0.0006395575,0.09304042,0.09196314,0.10730251
198,8.704795268102325,126808.97463237378,0.8907770853049737,0.0,VALIDATED_ESTIMATE,0.0712361666287086,0.4791297090239668,1.0,0.4773279,FACILITY_DEFICIT,-0.026999895,-0.0006395575,0.09304042,0.09196314,0.10730251
199,2.992862346176636,43599.16501714999,1.0,0.0,VALIDATED_ESTIMATE,0.0712361666287086,0.5381132128290717,1.0,0.5424163,ACCESS_GAP,-0.034544695,-0.0005961558,0.10205278,0.14567286,0.117170095
191,2.2616486553266766,32947.05252995405,0.7123449086365861,0.0,VALIDATED_ESTIMATE,0.0712361666287086,0.3827712205066095,1.0,0.4773279,FACILITY_DEFICIT,-0.026999895,-0.0006395575,0.09304042,0.09196314,0.10730251
183,2.4971222256168817,36377.36433877327,0.5298857421866274,0.0,VALIDATED_ESTIMATE,0.0712361666287086,0.2842380421105978,1.0,0.43461883,FACILITY_DEFICIT,-0.023162292,-0.0006395575,0.09054478,0.05434053,0.1008741
185,2.082935510217006,30343.6104056197,0.5777059829876077,0.0,VALIDATED_ESTIMATE,0.0712361666287086,0.3100623424702923,1.0,0.43461883,FACILITY_DEFICIT,-0.023162292,-0.0006395575,0.09054478,0.05434053,0.1008741
184,2.909304169294264,42381.91332928645,0.4960921383353928,0.0,VALIDATED_ESTIMATE,0.0712361666287086,0.2659885276482423,1.0,0.4232938,FACILITY_DEFICIT,-0.020411583,-0.0006395575,0.09070649,0.04022605,0.1007512
186,1.849490830576122,26942.85489708756,0.5535524432657517,0.0,VALIDATED_ESTIMATE,0.0712361666287086,0.2970187388815326,1.0,0.43461883,FACILITY_DEFICIT,-0.023162292,-0.0006395575,0.09054478,0.05434053,0.1008741
187,0.8831645082121834,12865.68865421536,0.4744075010808903,0.0,VALIDATED_ESTIMATE,0.0712361666287086,0.254278202140224,1.0,0.4232938,FACILITY_DEFICIT,-0.020411583,-0.0006395575,0.09070649,0.04022605,0.1007512
169,2.682650304072048,39080.084468289104,0.4355466712119262,0.0,VALIDATED_ESTIMATE,0.0712361666287086,0.2332922404228889,1.0,0.4232938,FACILITY_DEFICIT,-0.020411583,-0.0006395575,0.09070649,0.04022605,0.1007512
168,0.8446434174330628,12304.524390959135,0.3943691964814248,0.0,VALIDATED_ESTIMATE,0.0712361666287086,0.2110552240950163,1.0,0.39516526,FACILITY_DEFICIT,-0.020782514,-0.0005234133,0.08800054,0.02046238,0.095347025
190,4.614182712343931,67218.09766886308,0.679996981050469,0.0,VALIDATED_ESTIMATE,0.0712361666287086,0.3653024126544247,1.0,0.4773279,FACILITY_DEFICIT,-0.026999895,-0.0006395575,0.09304042,0.09196314,0.10730251
188,4.275886207358339,62289.890675168805,0.5153756895061222,0.0,VALIDATED_ESTIMATE,0.0712361666287086,0.276402197865985,1.0,0.43461883,FACILITY_DEFICIT,-0.023162292,-0.0006395575,0.09054478,0.05434053,0.1008741
179,2.3688019507840625,34508.03117527872,0.4329142434607591,0.0,VALIDATED_ESTIMATE,0.0712361666287086,0.2318706540029406,1.0,0.4232938,FACILITY_DEFICIT,-0.020411583,-0.0006395575,0.09070649,0.04022605,0.1007512
182,1.796922471032807,26177.05402911988,0.5223614736537433,0.0,VALIDATED_ESTIMATE,0.0712361666287086,0.2801747214889205,1.0,0.43461883,FACILITY_DEFICIT,-0.023162292,-0.0006395575,0.09054478,0.05434053,0.1008741
181,1.8406880933718344,26814.619132264423,0.4939472357870401,0.0,VALIDATED_ESTIMATE,0.0712361666287086,0.2648302188082375,1.0,0.4232938,FACILITY_DEFICIT,-0.020411583,-0.0006395575,0.09070649,0.04022605,0.1007512
176,2.994595466011342,43624.41261257127,0.4603300349637458,0.0,VALIDATED_ESTIMATE,0.0712361666287086,0.2466759670359392,1.0,0.4232938,FACILITY_DEFICIT,-0.020411583,-0.0006395575,0.09070649,0.04022605,0.1007512
173,3.959035072788808,57674.09372091995,0.4185658586791727,0.0,VALIDATED_ESTIMATE,0.0712361666287086,0.2241221150564666,1.0,0.39527437,FACILITY_DEFICIT,-0.020641064,-0.00050986046,0.08800054,0.020416489,0.095347025
170,3.6909588921684153,53768.83638392046,0.2104033938495341,0.0,VALIDATED_ESTIMATE,0.0712361666287086,0.111708418986899,1.0,0.3653409,FACILITY_DEFICIT,-0.020749291,0.0005584346,0.08353965,-0.0034987184,0.0928296
171,3.817135772525458,55606.9451880436,0.2809045273732366,0.0,VALIDATED_ESTIMATE,0.0712361666287086,0.149781051355946,1.0,0.38201007,FACILITY_DEFICIT,-0.020367622,0.0005800107,0.08495934,0.00909791,0.095079236
175,2.328935079918035,33927.261971567816,0.4089813805547994,0.0,VALIDATED_ESTIMATE,0.0712361666287086,0.2189462222184351,1.0,0.39516526,FACILITY_DEFICIT,-0.020782514,-0.0005234133,0.08800054,0.02046238,0.095347025
180,2.6316405378763834,38336.988743658745,0.4487844609795863,0.0,VALIDATED_ESTIMATE,0.0712361666287086,0.2404410262368561,1.0,0.4232938,FACILITY_DEFICIT,-0.020411583,-0.0006395575,0.09070649,0.04022605,0.1007512
172,2.5402606656039803,37005.79282830359,0.3482574665098848,0.0,VALIDATED_ESTIMATE,0.0712361666287086,0.1861535685419609,1.0,0.39295176,FACILITY_DEFICIT,-0.020509072,0.0005408695,0.08814879,0.017030727,0.095079236
177,2.4394384090641137,35537.04295215288,0.3632320260389773,0.0,VALIDATED_ESTIMATE,0.0712361666287086,0.1942402597956253,1.0,0.39516526,FACILITY_DEFICIT,-0.020782514,-0.0005234133,0.08800054,0.02046238,0.095347025
178,1.474809704434163,21484.60712022481,0.4183415431393745,0.0,VALIDATED_ESTIMATE,0.0712361666287086,0.2240009782370348,1.0,0.39527437,FACILITY_DEFICIT,-0.020641064,-0.00050986046,0.08800054,0.020416489,0.095347025
160,0.665138746169386,9689.551539377006,0.2683519428477851,0.0,VALIDATED_ESTIMATE,0.0712361666287086,0.1430022960078744,1.0,0.3801553,FACILITY_DEFICIT,-0.020305684,0.0004914573,0.08495934,0.0070952377,0.09525376
161,0.7450814399122715,10854.133900094052,0.3036808250873908,0.0,VALIDATED_ESTIMATE,0.0712361666287086,0.1620809047945778,1.0,0.39299592,FACILITY_DEFICIT,-0.020367622,0.0005800107,0.08814879,0.016894303,0.095079236
165,1.097249700810896,15984.420677344877,0.3715418355506023,0.0,VALIDATED_ESTIMATE,0.0712361666287086,0.1987277950561263,1.0,0.39516526,FACILITY_DEFICIT,-0.020782514,-0.0005234133,0.08800054,0.02046238,0.095347025
159,3.3579838778079347,48918.1513478257,0.3344316732966662,0.0,VALIDATED_ESTIMATE,0.0712361666287086,0.178687244017684,1.0,0.39295176,FACILITY_DEFICIT,-0.020509072,0.0005408695,0.08814879,0.017030727,0.095079236
156,3.168828624052028,46162.59156309314,0.2299936097924809,0.0,VALIDATED_ESTIMATE,0.0712361666287086,0.1222876969693629,1.0,0.36520597,FACILITY_DEFICIT,-0.02073709,0.00048711197,0.08347681,-0.0035116689,0.0928296
158,2.036976592477251,29674.094000662084,0.1989689544993106,0.0,VALIDATED_ESTIMATE,0.0712361666287086,0.105533494074793,1.0,0.35894758,FACILITY_DEFICIT,-0.020749291,0.0005584346,0.08353965,-0.008056513,0.09099411
167,1.40103124832688,20409.82361518279,0.4015632828122606,0.0,VALIDATED_ESTIMATE,0.0712361666287086,0.214940236865953,1.0,0.39516526,FACILITY_DEFICIT,-0.020782514,-0.0005234133,0.08800054,0.02046238,0.095347025
166,1.220207809533678,17775.639334377236,0.3951947851557778,0.0,VALIDATED_ESTIMATE,0.0712361666287086,0.2115010656370692,1.0,0.39516526,FACILITY_DEFICIT,-0.020782514,-0.0005234133,0.08800054,0.02046238,0.095347025
164,0.6211959593360841,9049.405554411782,0.3545954652558424,0.0,VALIDATED_ESTIMATE,0.0712361666287086,0.1895762694851904,1.0,0.39438748,FACILITY_DEFICIT,-0.020516818,0.0012812543,0.08814879,0.017733745,0.095079236
162,1.2753554309480015,18579.014153609405,0.3218035342950702,0.0,VALIDATED_ESTIMATE,0.0712361666287086,0.1718676870874207,1.0,0.39295176,FACILITY_DEFICIT,-0.020509072,0.0005408695,0.08814879,0.017030727,0.095079236
163,0.5210019447703078,7589.807728148712,0.332745070829633,0.0,VALIDATED_ESTIMATE,0.0712361666287086,0.1777764303545464,1.0,0.39295176,FACILITY_DEFICIT,-0.020509072,0.0005408695,0.08814879,0.017030727,0.095079236
150,1.0347792997479095,31270.0,0.2076288461417066,0.0,VALIDATED,0.1602380721751907,0.2315270485062822,1.0,0.44264048,FACILITY_DEFICIT,-0.0018187894,0.0006915611,0.093946576,0.039496023,0.097663894
153,2.2601816203296528,143626.0,0.2170415939218284,0.0,VALIDATED,0.3497550948987713,0.5120277994115107,1.0,0.61033124,ACCESS_GAP,0.040378936,0.000661757,0.10810139,0.13858657,0.10994121
149,1.6003449792490465,32138.0,0.06876616531404,0.0588235294117647,VALIDATED,0.1025929940481607,0.0495768844171089,0.0,0.04684667,FACILITY_COUNT_2KM,-0.010073889,-0.0010463614,-0.07087922,-0.016729604,-0.06708559
152,1.356994200299099,25707.0,0.0905049186328745,0.0588235294117647,VALIDATED,0.096122576637405,0.0618807103653849,0.0,0.048807576,FACILITY_COUNT_2KM,-0.011674512,-0.00093169644,-0.07002505,-0.014170348,-0.067052156
155,1.5401335579817137,75748.0,0.1218179884350181,0.0588235294117647,VALIDATED,0.2680764266333584,0.2220679095684562,0.3399165654538734,0.27969462,FACILITY_DEFICIT,0.019641234,-0.0020615235,-0.06861496,0.03215254,0.08591599
154,1.023615636627911,53855.0,0.1462844814320945,0.0,VALIDATED,0.2875800237164632,0.2854611535936092,1.0,0.4981333,FACILITY_COUNT_2KM,0.04123942,0.0013202307,0.09663405,0.051061444,0.09521687
151,1.4716510514454526,34509.0,0.1609680014864944,0.0,VALIDATED,0.1217410597894298,0.1384917282560967,1.0,0.3937659,FACILITY_DEFICIT,-0.0049295425,0.00056831096,0.08731914,0.0058214744,0.09232529
146,1.2938843468073649,17539.0,0.1348629298079459,0.0,VALIDATED,0.065479056958353,0.0657979049244027,1.0,0.34391773,FACILITY_DEFICIT,-0.02208693,0.00050182635,0.08966255,-0.029938256,0.09311741
143,2.597599783997109,20124.0,0.1562075853719151,0.0,VALIDATED,0.0324506659673331,0.042574627331349,1.0,0.32503274,FACILITY_COUNT_2KM,-0.03037151,0.00050182635,0.092965454,-0.0428962,0.092172116
145,1.804652486872756,24508.0,0.0668707379549618,0.0588235294117647,VALIDATED,0.0656220544657484,0.0316956365097501,0.0,0.035310715,FACILITY_COUNT_2KM,-0.018290484,-0.0010482405,-0.069089755,-0.022378646,-0.06654348
144,1.1182057682840945,21231.0,0.09254350524115,0.0588235294117647,VALIDATED,0.0963647751085191,0.0634607622617129,0.0,0.050473716,FACILITY_COUNT_2KM,-0.011974908,-0.00093169644,-0.06962688,-0.012601976,-0.067052156
148,0.9188603950655267,17914.0,0.0404779441406796,0.0588235294117647,VALIDATED,0.0992604947942776,0.0276067247733001,0.0,0.040537465,FACILITY_COUNT_2KM,-0.010897488,-0.00074407196,-0.06928311,-0.024655718,-0.06654348
127,3.749646779878391,24606.0,0.0796228821545142,0.0588235294117647,VALIDATED,0.0257124759662927,0.0170184116375588,0.0,0.015071895,FACILITY_COUNT_2KM,-0.030295635,-0.0009679505,-0.0697763,-0.028414285,-0.068135254
136,1.8747514402213517,33270.0,0.2341781278510787,0.0,VALIDATED,0.0893116626090191,0.152314231707896,1.0,0.38886538,FACILITY_DEFICIT,-0.014225857,0.0005736013,0.08568615,0.009091074,0.095079236
128,1.983702023794452,58003.0,0.0336459233304978,0.0588235294117647,VALIDATED,0.1546696298703671,0.0353522903433744,0.1379756219505889,0.10001163,FACILITY_COUNT_2KM,0.008448389,-0.00074407196,-0.06750493,-0.024714796,-0.02813427
129,1.836308494280784,59322.0,0.0647070737560426,0.0588235294117647,VALIDATED,0.1721003678843089,0.0765396370852508,0.1571423755099288,0.13438922,FACILITY_COUNT_2KM,0.0031312427,-0.0013089294,-0.065611504,0.0075117913,-0.021994693
138,1.154530268144978,37720.0,0.1316365326342075,0.0,VALIDATED,0.174183161783474,0.1584985827454531,1.0,0.4122263,FACILITY_COUNT_2KM,-0.0001747531,0.00086128927,0.0917295,0.015819145,0.091329895
137,1.6181214084876605,22019.0,0.0936585537552714,0.0588235294117647,VALIDATED,0.0657773044465808,0.0452777177596797,0.0,0.038304795,FACILITY_COUNT_2KM,-0.018630974,-0.00089633575,-0.06924792,-0.018529152,-0.067052156
142,1.135086861635787,26525.0,0.2241304443951852,0.0,VALIDATED,0.1212809194453599,0.1927200112451407,1.0,0.41099524,FACILITY_DEFICIT,-0.005143365,0.00072800065,0.090300396,0.020189183,0.092259735
139,0.7013643331884808,35299.0,0.1812189627937215,0.0,VALIDATED,0.2745949327410076,0.3381317366885937,1.0,0.51747453,FACILITY_DEFICIT,0.040150374,0.0011914261,0.09656422,0.06541334,0.10149365
140,0.6813064815843671,33089.0,0.2005397632554287,0.0,VALIDATED,0.2645748454784438,0.3609835962959231,1.0,0.52012324,FACILITY_COUNT_2KM,0.023632022,0.00076196727,0.09829041,0.08839151,0.09638589
141,0.818713528676206,54598.0,0.2383081483965254,0.0,VALIDATED,0.367618438695478,0.5900466755199673,1.0,0.6447993,ACCESS_GAP,0.054544225,0.00066605216,0.11504612,0.1519545,0.10992713
134,1.047940136819283,23054.0,0.1770160027801585,0.0,VALIDATED,0.1134965530808462,0.142849069725544,1.0,0.39363533,FACILITY_DEFICIT,-0.009445941,0.00056831096,0.087547936,0.0070108715,0.095292926
135,0.930159437972815,49869.0,0.1835101507415039,0.0,VALIDATED,0.2932715106207853,0.3649276684979868,1.0,0.53666854,FACILITY_DEFICIT,0.035798807,0.0011914261,0.09829041,0.087081015,0.101645276
133,1.0213027656845075,25793.0,0.1508718807602554,0.0,VALIDATED,0.1320099857836325,0.1399134587313876,1.0,0.39387155,FACILITY_DEFICIT,-0.005319331,0.0006971155,0.08738647,0.0062796283,0.09216647
131,1.1805588753826044,58468.0,0.0903102458707814,0.0588235294117647,VALIDATED,0.2700266216240444,0.1657892686267796,0.1448313607443387,0.18495376,FACILITY_COUNT_2KM,0.03535684,-0.0010683645,-0.06877312,0.03688253,-0.030105429
130,1.1759738790459926,55784.0,0.1106145765837984,0.0588235294117647,VALIDATED,0.2581458846001448,0.1943858804229098,0.1036856446292843,0.18655404,FACILITY_COUNT_2KM,0.03457213,-0.002012117,-0.06861496,0.04092442,-0.030976791
